"Script","Aantal_Risico_Punten","Details"
"src/01_Habitat_Scripts/Scenario_TV_Adder.R",1,"Raster omzetten naar data.frame/matrix (extreem hoog RAM-risico)"
"src/01_Habitat_Scripts/Scenario_TV_Beekrombout.R",1,"Raster omzetten naar data.frame/matrix (extreem hoog RAM-risico)"
"src/01_Habitat_Scripts/Scenario_TV_Bergeend_wv.R",1,"Raster omzetten naar data.frame/matrix (extreem hoog RAM-risico)"
"src/01_Habitat_Scripts/Scenario_TV_Blauwborst.R",1,"Raster omzetten naar data.frame/matrix (extreem hoog RAM-risico)"
"src/01_Habitat_Scripts/Scenario_TV_BlauweKiekendief_wv.R",1,"Raster omzetten naar data.frame/matrix (extreem hoog RAM-risico)"
"src/01_Habitat_Scripts/Scenario_TV_BontDikkopje.R",1,"Raster omzetten naar data.frame/matrix (extreem hoog RAM-risico)"
"src/01_Habitat_Scripts/Scenario_TV_Boomkikker.R",1,"Raster omzetten naar data.frame/matrix (extreem hoog RAM-risico)"
"src/01_Habitat_Scripts/Scenario_TV_Boompieper.R",1,"Raster omzetten naar data.frame/matrix (extreem hoog RAM-risico)"
"src/01_Habitat_Scripts/Scenario_TV_BruineEikenpage.R",1,"Raster omzetten naar data.frame/matrix (extreem hoog RAM-risico)"
"src/01_Habitat_Scripts/Scenario_TV_BruineKiekendief.R",1,"Raster omzetten naar data.frame/matrix (extreem hoog RAM-risico)"
"src/01_Habitat_Scripts/Scenario_TV_DrijvendeWaterweegbree.R",1,"Raster omzetten naar data.frame/matrix (extreem hoog RAM-risico)"
"src/01_Habitat_Scripts/Scenario_TV_Eikelmuis.R",1,"Raster omzetten naar data.frame/matrix (extreem hoog RAM-risico)"
"src/01_Habitat_Scripts/Scenario_TV_EuropeseOtter.R",1,"Raster omzetten naar data.frame/matrix (extreem hoog RAM-risico)"
"src/01_Habitat_Scripts/Scenario_TV_GevlekteWitsnuitlibel.R",1,"Raster omzetten naar data.frame/matrix (extreem hoog RAM-risico)"
"src/01_Habitat_Scripts/Scenario_TV_GladdeSlang.R",1,"Raster omzetten naar data.frame/matrix (extreem hoog RAM-risico)"
"src/01_Habitat_Scripts/Scenario_TV_GrauweKlauwier.R",1,"Raster omzetten naar data.frame/matrix (extreem hoog RAM-risico)"
"src/01_Habitat_Scripts/Scenario_TV_GroteModderkruiper.R",1,"Raster omzetten naar data.frame/matrix (extreem hoog RAM-risico)"
"src/01_Habitat_Scripts/Scenario_TV_GroteZilverreiger_wv.R",1,"Raster omzetten naar data.frame/matrix (extreem hoog RAM-risico)"
"src/01_Habitat_Scripts/Scenario_TV_Grutto.R",1,"Raster omzetten naar data.frame/matrix (extreem hoog RAM-risico)"
"src/01_Habitat_Scripts/Scenario_TV_Hazelmuis.R",1,"Raster omzetten naar data.frame/matrix (extreem hoog RAM-risico)"
"src/01_Habitat_Scripts/Scenario_TV_Heikikker.R",1,"Raster omzetten naar data.frame/matrix (extreem hoog RAM-risico)"
"src/01_Habitat_Scripts/Scenario_TV_Heivlinder.R",1,"Raster omzetten naar data.frame/matrix (extreem hoog RAM-risico)"
"src/01_Habitat_Scripts/Scenario_TV_Hoogveenglanslibel.R",1,"Raster omzetten naar data.frame/matrix (extreem hoog RAM-risico)"
"src/01_Habitat_Scripts/Scenario_TV_Ijsvogel.R",1,"Raster omzetten naar data.frame/matrix (extreem hoog RAM-risico)"
"src/01_Habitat_Scripts/Scenario_TV_Kamsalamander.R",1,"Raster omzetten naar data.frame/matrix (extreem hoog RAM-risico)"
"src/01_Habitat_Scripts/Scenario_TV_Kemphaan_wv.R",1,"Raster omzetten naar data.frame/matrix (extreem hoog RAM-risico)"
"src/01_Habitat_Scripts/Scenario_TV_Knoflookpad.R",1,"Raster omzetten naar data.frame/matrix (extreem hoog RAM-risico)"
"src/01_Habitat_Scripts/Scenario_TV_Kommavlinder.R",1,"Raster omzetten naar data.frame/matrix (extreem hoog RAM-risico)"
"src/01_Habitat_Scripts/Scenario_TV_Krakeend_wv.R",1,"Raster omzetten naar data.frame/matrix (extreem hoog RAM-risico)"
"src/01_Habitat_Scripts/Scenario_TV_Kuifeend_wv.R",1,"Raster omzetten naar data.frame/matrix (extreem hoog RAM-risico)"
"src/01_Habitat_Scripts/Scenario_TV_Kwak.R",1,"Raster omzetten naar data.frame/matrix (extreem hoog RAM-risico)"
"src/01_Habitat_Scripts/Scenario_TV_Kwartelkoning.R",1,"Raster omzetten naar data.frame/matrix (extreem hoog RAM-risico)"
"src/01_Habitat_Scripts/Scenario_TV_Leefgebieden_Simpel.R",1,"Raster omzetten naar data.frame/matrix (extreem hoog RAM-risico)"
"src/01_Habitat_Scripts/Scenario_TV_LevendbarendeHagedis.R",1,"Raster omzetten naar data.frame/matrix (extreem hoog RAM-risico)"
"src/01_Habitat_Scripts/Scenario_TV_Maanwaterjuffer.R",1,"Raster omzetten naar data.frame/matrix (extreem hoog RAM-risico)"
"src/01_Habitat_Scripts/Scenario_TV_MiddelsteBonteSpecht.R",1,"Raster omzetten naar data.frame/matrix (extreem hoog RAM-risico)"
"src/01_Habitat_Scripts/Scenario_TV_Nachtzwaluw.R",1,"Raster omzetten naar data.frame/matrix (extreem hoog RAM-risico)"
"src/01_Habitat_Scripts/Scenario_TV_NoordseWitsnuitlibel.R",1,"Raster omzetten naar data.frame/matrix (extreem hoog RAM-risico)"
"src/01_Habitat_Scripts/Scenario_TV_Paapje.R",1,"Raster omzetten naar data.frame/matrix (extreem hoog RAM-risico)"
"src/01_Habitat_Scripts/Scenario_TV_Pijlstaart_wv.R",1,"Raster omzetten naar data.frame/matrix (extreem hoog RAM-risico)"
"src/01_Habitat_Scripts/Scenario_TV_Poelkikker.R",1,"Raster omzetten naar data.frame/matrix (extreem hoog RAM-risico)"
"src/01_Habitat_Scripts/Scenario_TV_Porseleinhoen.R",2,"Zware vector-operaties (st_intersection/buffer) gedetecteerd | Raster omzetten naar data.frame/matrix (extreem hoog RAM-risico)"
"src/01_Habitat_Scripts/Scenario_TV_Regenwulp_wv.R",1,"Raster omzetten naar data.frame/matrix (extreem hoog RAM-risico)"
"src/01_Habitat_Scripts/Scenario_TV_Roerdomp.R",1,"Raster omzetten naar data.frame/matrix (extreem hoog RAM-risico)"
"src/01_Habitat_Scripts/Scenario_TV_Rugstreeppad.R",1,"Raster omzetten naar data.frame/matrix (extreem hoog RAM-risico)"
"src/01_Habitat_Scripts/Scenario_TV_SierlijkeWitsnuitlibel.R",1,"Raster omzetten naar data.frame/matrix (extreem hoog RAM-risico)"
"src/01_Habitat_Scripts/Scenario_TV_Slobeend_wv.R",1,"Raster omzetten naar data.frame/matrix (extreem hoog RAM-risico)"
"src/01_Habitat_Scripts/Scenario_TV_Smient_wv.R",1,"Raster omzetten naar data.frame/matrix (extreem hoog RAM-risico)"
"src/01_Habitat_Scripts/Scenario_TV_SpaanseVlag.R",1,"Raster omzetten naar data.frame/matrix (extreem hoog RAM-risico)"
"src/01_Habitat_Scripts/Scenario_TV_Speerwaterjuffer.R",1,"Raster omzetten naar data.frame/matrix (extreem hoog RAM-risico)"
"src/01_Habitat_Scripts/Scenario_TV_Tafeleend_wv.R",1,"Raster omzetten naar data.frame/matrix (extreem hoog RAM-risico)"
"src/01_Habitat_Scripts/Scenario_TV_Veldkrekel.R",1,"Raster omzetten naar data.frame/matrix (extreem hoog RAM-risico)"
"src/01_Habitat_Scripts/Scenario_TV_Venglazenmaker.R",1,"Raster omzetten naar data.frame/matrix (extreem hoog RAM-risico)"
"src/01_Habitat_Scripts/Scenario_TV_Venwitsnuitlibel.R",1,"Raster omzetten naar data.frame/matrix (extreem hoog RAM-risico)"
"src/01_Habitat_Scripts/Scenario_TV_VliegendHert.R",1,"Raster omzetten naar data.frame/matrix (extreem hoog RAM-risico)"
"src/01_Habitat_Scripts/Scenario_TV_Vroedmeesterpad.R",1,"Raster omzetten naar data.frame/matrix (extreem hoog RAM-risico)"
"src/01_Habitat_Scripts/Scenario_TV_Watersnip.R",1,"Raster omzetten naar data.frame/matrix (extreem hoog RAM-risico)"
"src/01_Habitat_Scripts/Scenario_TV_Wespendief.R",1,"Raster omzetten naar data.frame/matrix (extreem hoog RAM-risico)"
"src/01_Habitat_Scripts/Scenario_TV_Wintertaling_wv.R",1,"Raster omzetten naar data.frame/matrix (extreem hoog RAM-risico)"
"src/01_Habitat_Scripts/Scenario_TV_Woudaap.R",1,"Raster omzetten naar data.frame/matrix (extreem hoog RAM-risico)"
"src/01_Habitat_Scripts/Scenario_TV_Wulp.R",1,"Raster omzetten naar data.frame/matrix (extreem hoog RAM-risico)"
"src/01_Habitat_Scripts/Scenario_TV_Wulp_wv.R",1,"Raster omzetten naar data.frame/matrix (extreem hoog RAM-risico)"
"src/01_Habitat_Scripts/Scenario_TV_Zadelsprinkhaan.R",1,"Raster omzetten naar data.frame/matrix (extreem hoog RAM-risico)"
"src/01_Habitat_Scripts/Scenario_TV_Zomertortel.R",1,"Raster omzetten naar data.frame/matrix (extreem hoog RAM-risico)"
"src/01_Habitat_Scripts/Scenario_TV_Zompsprinkhaan.R",1,"Raster omzetten naar data.frame/matrix (extreem hoog RAM-risico)"
"src/01_Habitat_Scripts/Scenario_TV_ZwarteHeidelibel.R",1,"Raster omzetten naar data.frame/matrix (extreem hoog RAM-risico)"
"src/01_Habitat_Scripts/Scenario_TV_ZwarteSpecht.R",1,"Raster omzetten naar data.frame/matrix (extreem hoog RAM-risico)"
"src/01_Habitat_Scripts/Scenario_TV_Zwartkopmeeuw.R",1,"Raster omzetten naar data.frame/matrix (extreem hoog RAM-risico)"
