fid_,waarneming,euring,soortid,datum,tijdstip,blok,aantal,id_type_wa,aktid,broedcode,jaar,dtkey,overvliege,naam,x,y
6216289.0,243435467.0,15080,350,2022-05-29,09:32,FS38B,1,92,3117,6,2022,529,0,Wielewaal,193847.1149000004,225233.2685999982
6224013.0,243445621.0,15080,350,2022-05-29,09:30,FS38B,1,92,3117,6,2022,529,0,Wielewaal,193851.0529000014,225060.31340000033
6300170.0,193815056.0,15080,350,2020-06-11,12:07,FS39A,1,92,28,6,2020,611,0,Wielewaal,187406.82569999993,232377.56590000167
6300552.0,198481108.0,15080,350,2020-08-15,07:54,FS39A,2,92,25,7,2020,815,0,Wielewaal,186236.03970000148,234061.42289999872
6307767.0,280491515.0,15080,350,2023-07-14,19:48,FS39A,3,92,3121,12,2023,714,0,Wielewaal,186400.50829999894,233836.71119999886
6317254.0,192087078.0,15080,350,2020-05-22,,FS39C,1,1,3118,5,2020,522,0,Wielewaal,189587.86879999936,228209.27800000086
9621229.0,240405201.0,15080,350,2022-05-06,10:30,FS29A,1,210,3117,6,2022,506,0,Wielewaal,178547.06490000337,233143.1447999999
9623316.0,240405174.0,15080,350,2022-05-06,09:48,FS29A,1,210,3117,6,2022,506,0,Wielewaal,178861.50429999828,232558.19139999896
9637384.0,195595697.0,15080,350,2020-06-07,13:21,FS29B,1,92,25,7,2020,607,0,Wielewaal,181393.1393999979,235103.5260999985
