naam_nl;naam_lat;x;y
Gentiaanblauwtje;Phengaris alcon;189137.90540196648;229222.35916198604
Gentiaanblauwtje;Phengaris alcon;189112.03214431703;229172.0318816891
Gentiaanblauwtje;Phengaris alcon;189052.81185562565;229210.1228487678
Gentiaanblauwtje;Phengaris alcon;189240.5215379199;229211.97012854367
Gentiaanblauwtje;Phengaris alcon;189144.96448369976;229094.7965178145
Gentiaanblauwtje;Phengaris alcon;217366.49108828302;197116.58881327044
Gentiaanblauwtje;Phengaris alcon;189057.85080116577;229181.1906070551
Gentiaanblauwtje;Phengaris alcon;189147.9102448825;229127.647889358
Gentiaanblauwtje;Phengaris alcon;189139.94189067464;229154.53296238277
Gentiaanblauwtje;Phengaris alcon;189092.2084805711;229262.54660239164
Gentiaanblauwtje;Phengaris alcon;189129.13274995316;229165.2213610541
Gentiaanblauwtje;Phengaris alcon;189155.48914041312;229222.4169300571
Gentiaanblauwtje;Phengaris alcon;189162.60537827376;229120.95008624066
Gentiaanblauwtje;Phengaris alcon;189151.91878891556;229154.64535157755
Gentiaanblauwtje;Phengaris alcon;189110.8261316734;229156.5569457477
Gentiaanblauwtje;Phengaris alcon;189122.26298737887;229212.4317292357
Gentiaanblauwtje;Phengaris alcon;189159.40794540456;229118.48445316032
Gentiaanblauwtje;Phengaris alcon;189149.42407000286;229163.63654240966
Gentiaanblauwtje;Phengaris alcon;189091.68589981843;229145.84188047145
Gentiaanblauwtje;Phengaris alcon;218463.33513114892;198177.50470472313
Gentiaanblauwtje;Phengaris alcon;218453.43006096192;198186.28705517016
Gentiaanblauwtje;Phengaris alcon;218462.79505929333;198177.9220105745
Gentiaanblauwtje;Phengaris alcon;217351.98356024822;197138.2742187837
Gentiaanblauwtje;Phengaris alcon;189187.4233936388;229100.73594369646
Gentiaanblauwtje;Phengaris alcon;218457.78974450877;198179.9781848127
Gentiaanblauwtje;Phengaris alcon;189239.54151089737;229212.6961298026
Gentiaanblauwtje;Phengaris alcon;189153.7318336426;229220.08044569567
Gentiaanblauwtje;Phengaris alcon;189118.5900252099;229142.93018165417
Gentiaanblauwtje;Phengaris alcon;218463.1067555782;198179.62379149348
Gentiaanblauwtje;Phengaris alcon;189110.81415308735;229222.4294323027
Gentiaanblauwtje;Phengaris alcon;189075.93652404682;229217.71525723487
Gentiaanblauwtje;Phengaris alcon;217633.95651897238;197125.9760742858
Gentiaanblauwtje;Phengaris alcon;218462.3828916055;198181.31193351094
Gentiaanblauwtje;Phengaris alcon;218500.61926159897;198109.2400303576
Gentiaanblauwtje;Phengaris alcon;189055.81819729396;229192.42113717925
Gentiaanblauwtje;Phengaris alcon;189152.10014055227;229067.85787692852
Gentiaanblauwtje;Phengaris alcon;189156.42555587334;229107.54952576384
Gentiaanblauwtje;Phengaris alcon;189057.98680722323;229215.59653012082
Gentiaanblauwtje;Phengaris alcon;189029.2665685913;229228.59583245777
Gentiaanblauwtje;Phengaris alcon;217031.87936128877;198949.53910255246
Gentiaanblauwtje;Phengaris alcon;165486.88962024063;228291.09038177878
Gentiaanblauwtje;Phengaris alcon;164445.77674081482;227620.4410135802
Gentiaanblauwtje;Phengaris alcon;189040.47538758803;229241.03094455693
Gentiaanblauwtje;Phengaris alcon;217615.71045412117;197107.5946945818
Gentiaanblauwtje;Phengaris alcon;218051.35471990268;197927.02803090308
Gentiaanblauwtje;Phengaris alcon;218039.63745059032;197952.0755800847
Gentiaanblauwtje;Phengaris alcon;165606.57904866702;228723.5634041326
Gentiaanblauwtje;Phengaris alcon;217359.6968229937;197102.89242332708
Gentiaanblauwtje;Phengaris alcon;217075.11092338205;199083.7887188904
Gentiaanblauwtje;Phengaris alcon;165475.2105295084;228676.21487144567
Gentiaanblauwtje;Phengaris alcon;223702.4938133292;218033.39006265905
Gentiaanblauwtje;Phengaris alcon;165816.80418519105;228803.1544399783
Gentiaanblauwtje;Phengaris alcon;223803.28618817424;217960.05113924947
Gentiaanblauwtje;Phengaris alcon;161584.73184225842;224848.83245754614
Gentiaanblauwtje;Phengaris alcon;223458.09505841992;217727.85819245316
Gentiaanblauwtje;Phengaris alcon;189126.47789011887;229232.44681726303
Gentiaanblauwtje;Phengaris alcon;189203.50393555124;229076.1476127822
Gentiaanblauwtje;Phengaris alcon;219388.54980100997;198418.11068808474
Gentiaanblauwtje;Phengaris alcon;164073.46774370217;226658.8211505646
Gentiaanblauwtje;Phengaris alcon;219398.62554801232;198372.90956693236
Gentiaanblauwtje;Phengaris alcon;189213.74373850622;228956.61577830184
Gentiaanblauwtje;Phengaris alcon;165913.47271701574;228833.63394989911
Gentiaanblauwtje;Phengaris alcon;217377.80392167505;197157.4523423845
Gentiaanblauwtje;Phengaris alcon;189031.33316937083;229215.92726588994
Gentiaanblauwtje;Phengaris alcon;223849.76158495856;218044.91093495302
Gentiaanblauwtje;Phengaris alcon;217031.67292447668;198947.41434769798
Gentiaanblauwtje;Phengaris alcon;217120.72845404333;199302.10455556028
Gentiaanblauwtje;Phengaris alcon;189234.133534721;229217.45669945236
Gentiaanblauwtje;Phengaris alcon;189036.50787712433;229207.9247506233
Gentiaanblauwtje;Phengaris alcon;189047.7393951496;229241.8238367848
Gentiaanblauwtje;Phengaris alcon;216107.1737352301;195851.09989397135
Gentiaanblauwtje;Phengaris alcon;165643.24522871256;228703.53611562774
Gentiaanblauwtje;Phengaris alcon;217046.71890079713;198943.78865615278
Gentiaanblauwtje;Phengaris alcon;217075.31679624767;199083.36695718858
Gentiaanblauwtje;Phengaris alcon;217036.38963831525;198980.57982582413
Gentiaanblauwtje;Phengaris alcon;189234.7789376843;229032.0338717308
Gentiaanblauwtje;Phengaris alcon;165152.89979664562;228030.9035342615
Gentiaanblauwtje;Phengaris alcon;189138.92316289688;229231.57236019243
Gentiaanblauwtje;Phengaris alcon;223359.23739974207;217620.89445866644
Gentiaanblauwtje;Phengaris alcon;189313.4162147153;229108.2653438598
Gentiaanblauwtje;Phengaris alcon;164205.56657692554;226512.86415981315
Gentiaanblauwtje;Phengaris alcon;189147.71612512547;229122.9819946494
Gentiaanblauwtje;Phengaris alcon;189140.84002466852;229153.9140985636
Gentiaanblauwtje;Phengaris alcon;189176.20321552615;229106.22035278007
Gentiaanblauwtje;Phengaris alcon;189149.23350656894;229176.89755492937
Gentiaanblauwtje;Phengaris alcon;189232.767965083;229010.16731608193
Gentiaanblauwtje;Phengaris alcon;189185.8069117012;229056.0301620951
Gentiaanblauwtje;Phengaris alcon;223800.97346206714;217922.4825304253
Gentiaanblauwtje;Phengaris alcon;214821.0366207762;203591.8061214583
Gentiaanblauwtje;Phengaris alcon;214820.67484359667;203591.37718257494
Gentiaanblauwtje;Phengaris alcon;219437.8088461485;198349.58798794728
Gentiaanblauwtje;Phengaris alcon;219378.2872174636;198476.11927754804
Gentiaanblauwtje;Phengaris alcon;189140.0618083412;229230.30766497087
Gentiaanblauwtje;Phengaris alcon;164560.27639127558;226707.9694385212
Gentiaanblauwtje;Phengaris alcon;189158.37484077373;229175.69353399053
Gentiaanblauwtje;Phengaris alcon;219401.57579791604;198448.41842935327
Gentiaanblauwtje;Phengaris alcon;164149.3072702123;226662.5912908744
Gentiaanblauwtje;Phengaris alcon;189108.20275694475;229282.26629364677
Gentiaanblauwtje;Phengaris alcon;189173.8974714162;229226.31979204714
Gentiaanblauwtje;Phengaris alcon;189248.31043999162;229191.72262690775
Gentiaanblauwtje;Phengaris alcon;217087.2168597174;199077.57869188115
Gentiaanblauwtje;Phengaris alcon;217087.61217493637;199078.0082134707
Gentiaanblauwtje;Phengaris alcon;217153.31764239393;198982.51373479888
Gentiaanblauwtje;Phengaris alcon;189100.6807579441;229142.5553403413
Gentiaanblauwtje;Phengaris alcon;189257.6552239552;229194.6982372729
Gentiaanblauwtje;Phengaris alcon;219374.8552349662;198462.9164419407
Gentiaanblauwtje;Phengaris alcon;222927.68084675705;217257.43949322496
Gentiaanblauwtje;Phengaris alcon;189135.61423365917;229221.50082828943
Gentiaanblauwtje;Phengaris alcon;189123.27260346193;229215.32499830239
Gentiaanblauwtje;Phengaris alcon;189331.06956608768;228859.4837244209
Gentiaanblauwtje;Phengaris alcon;189229.6008957952;229079.4930873206
Gentiaanblauwtje;Phengaris alcon;189139.97184066402;229229.03365853708
Gentiaanblauwtje;Phengaris alcon;189258.63000609368;229158.20367686637
Gentiaanblauwtje;Phengaris alcon;164703.6490101522;227152.86550515052
Gentiaanblauwtje;Phengaris alcon;189148.9742921827;229176.0467070816
Gentiaanblauwtje;Phengaris alcon;164205.60357778313;226512.83755913656
Gentiaanblauwtje;Phengaris alcon;164302.39709340446;226881.03630475048
Gentiaanblauwtje;Phengaris alcon;189061.77537590172;229168.8209438892
Gentiaanblauwtje;Phengaris alcon;189149.39243715745;229157.7036649799
Gentiaanblauwtje;Phengaris alcon;189198.8089673192;229129.31171381008
Gentiaanblauwtje;Phengaris alcon;189162.2536696897;229163.4141436508
Gentiaanblauwtje;Phengaris alcon;222926.68692604566;217247.70115800668
Gentiaanblauwtje;Phengaris alcon;189191.28997521035;229026.115412659
Gentiaanblauwtje;Phengaris alcon;189144.56327229063;229216.89552923385
Gentiaanblauwtje;Phengaris alcon;223165.20081377187;217378.23216302693
Gentiaanblauwtje;Phengaris alcon;165156.96091522317;227928.92567933537
Gentiaanblauwtje;Phengaris alcon;189151.89102657326;229181.16211531963
Gentiaanblauwtje;Phengaris alcon;223359.93367230246;217625.62448138837
Gentiaanblauwtje;Phengaris alcon;223344.13218565105;217250.70279385056
Gentiaanblauwtje;Phengaris alcon;223833.43112736865;218015.50026232004
Gentiaanblauwtje;Phengaris alcon;223884.02002799307;217935.55246067233
Gentiaanblauwtje;Phengaris alcon;222872.4729325114;217197.1089703599
Gentiaanblauwtje;Phengaris alcon;189140.9991573791;229172.58513126057
Gentiaanblauwtje;Phengaris alcon;223809.83295249322;217991.35251247417
Gentiaanblauwtje;Phengaris alcon;189115.16213120864;229209.3292879574
Gentiaanblauwtje;Phengaris alcon;223518.45134020754;217799.73690304626
Gentiaanblauwtje;Phengaris alcon;223857.60816385483;218003.9393419968
Gentiaanblauwtje;Phengaris alcon;222967.74811083672;217235.35465000104
Gentiaanblauwtje;Phengaris alcon;223541.54444885062;217810.40156862605
Gentiaanblauwtje;Phengaris alcon;223098.9283784167;217285.40295194834
Gentiaanblauwtje;Phengaris alcon;189200.17528903583;229043.25696917344
Gentiaanblauwtje;Phengaris alcon;189053.50708155968;229214.79696194734
Gentiaanblauwtje;Phengaris alcon;223948.8295269035;217907.25200097729
Gentiaanblauwtje;Phengaris alcon;189115.96406488068;229228.85176592693
Gentiaanblauwtje;Phengaris alcon;189061.89126813112;229180.10851810407
Gentiaanblauwtje;Phengaris alcon;222898.46319780877;217189.55604495667
Gentiaanblauwtje;Phengaris alcon;189085.86852529703;229190.30375649873
Gentiaanblauwtje;Phengaris alcon;223720.35631993043;217824.6982202651
Gentiaanblauwtje;Phengaris alcon;223773.3488965859;217959.41056082863
Gentiaanblauwtje;Phengaris alcon;222822.80963483267;217319.8806200372
Gentiaanblauwtje;Phengaris alcon;222928.11678122883;217211.5184271047
Gentiaanblauwtje;Phengaris alcon;222944.17328795957;217259.7706804769
Gentiaanblauwtje;Phengaris alcon;223822.83769958984;217499.09917418193
Gentiaanblauwtje;Phengaris alcon;223911.5184082615;218002.3718646774
Gentiaanblauwtje;Phengaris alcon;218425.7985410714;198183.80116087012
Gentiaanblauwtje;Phengaris alcon;223873.74424340704;217919.93961467408
Gentiaanblauwtje;Phengaris alcon;189320.51794905303;229264.74088951387
Gentiaanblauwtje;Phengaris alcon;223787.3709146739;217957.11570468452
Gentiaanblauwtje;Phengaris alcon;218225.21728151472;198182.43794232607
Gentiaanblauwtje;Phengaris alcon;223032.9449375121;217154.4268696569
Gentiaanblauwtje;Phengaris alcon;222790.28649776208;217211.95710033923
Gentiaanblauwtje;Phengaris alcon;223730.4120993506;217900.21142668277
Gentiaanblauwtje;Phengaris alcon;189139.61973409844;229102.81167232525
Gentiaanblauwtje;Phengaris alcon;189104.70080609017;229150.61353002302
Gentiaanblauwtje;Phengaris alcon;223566.37517214782;217909.15509943105
Gentiaanblauwtje;Phengaris alcon;218137.35599433957;198168.9773759013
Gentiaanblauwtje;Phengaris alcon;223540.68018471196;217573.16188962758
Gentiaanblauwtje;Phengaris alcon;223613.52625401865;217930.72680168878
Gentiaanblauwtje;Phengaris alcon;223819.96379437472;218122.90446620062
Gentiaanblauwtje;Phengaris alcon;223721.79044274025;218005.95743343327
Gentiaanblauwtje;Phengaris alcon;223834.89446903585;217985.6685446715
Gentiaanblauwtje;Phengaris alcon;223644.57176152655;217959.026588439
Gentiaanblauwtje;Phengaris alcon;223595.59204037802;217754.6211278811
Gentiaanblauwtje;Phengaris alcon;222692.4740542253;216923.7362868581
Gentiaanblauwtje;Phengaris alcon;166207.43340657622;229049.55220768787
Gentiaanblauwtje;Phengaris alcon;222799.16021319237;217152.2711546356
Gentiaanblauwtje;Phengaris alcon;189060.71579736058;229236.3562122397
Gentiaanblauwtje;Phengaris alcon;165234.25473204808;227913.46559793595
Gentiaanblauwtje;Phengaris alcon;223410.3907850875;217599.46418832056
Gentiaanblauwtje;Phengaris alcon;222947.9304492036;217153.4085417213
Gentiaanblauwtje;Phengaris alcon;223584.62752573783;217889.8991399929
Gentiaanblauwtje;Phengaris alcon;165498.80176301068;228263.0593152549
Gentiaanblauwtje;Phengaris alcon;223585.12300451926;217965.51272701006
Gentiaanblauwtje;Phengaris alcon;223911.52447254397;218002.3278660234
Gentiaanblauwtje;Phengaris alcon;165611.89426483546;228696.03996001743
Gentiaanblauwtje;Phengaris alcon;223930.53584435975;218000.98583670147
Gentiaanblauwtje;Phengaris alcon;189042.25920495903;229195.75966409594
Gentiaanblauwtje;Phengaris alcon;223922.3183297172;217947.08898776025
Gentiaanblauwtje;Phengaris alcon;189148.00314977358;229128.9263493959
Gentiaanblauwtje;Phengaris alcon;189065.1085247591;229206.83639848977
Gentiaanblauwtje;Phengaris alcon;189091.22738777468;229131.8913730979
Gentiaanblauwtje;Phengaris alcon;189155.6180224829;229136.34570022486
Gentiaanblauwtje;Phengaris alcon;189233.82458542913;229214.89033938292
Gentiaanblauwtje;Phengaris alcon;223786.9589973417;217965.95821359754
Gentiaanblauwtje;Phengaris alcon;189047.0614391403;229226.6893014731
Gentiaanblauwtje;Phengaris alcon;222941.7585718179;217094.58690122887
Gentiaanblauwtje;Phengaris alcon;189077.7751216484;229253.0041086236
Gentiaanblauwtje;Phengaris alcon;189179.51269522653;229269.67274976708
Gentiaanblauwtje;Phengaris alcon;222966.81272845372;217306.01077365782
Gentiaanblauwtje;Phengaris alcon;222958.51901342018;217178.4960495038
Gentiaanblauwtje;Phengaris alcon;189088.64079248905;229131.44780499022
Gentiaanblauwtje;Phengaris alcon;189019.0938922502;229212.8156082919
Gentiaanblauwtje;Phengaris alcon;189081.27990421187;229195.72100489587
Gentiaanblauwtje;Phengaris alcon;223487.35081918765;217638.82662033383
Gentiaanblauwtje;Phengaris alcon;189070.50200539659;229193.525425544
Gentiaanblauwtje;Phengaris alcon;223675.88637887238;218006.7381192157
Gentiaanblauwtje;Phengaris alcon;223973.4736158579;218144.94861135818
Gentiaanblauwtje;Phengaris alcon;217635.2482535959;197124.2952115629
Gentiaanblauwtje;Phengaris alcon;189332.2471364043;229294.0749006197
Gentiaanblauwtje;Phengaris alcon;189368.2935801181;229266.32877273858
Gentiaanblauwtje;Phengaris alcon;189025.63352341944;229209.96843267232
Gentiaanblauwtje;Phengaris alcon;217338.26903299257;197087.9191303309
Gentiaanblauwtje;Phengaris alcon;189080.41585168478;229200.3875870481
Gentiaanblauwtje;Phengaris alcon;189102.61103208194;229275.77059308626
Gentiaanblauwtje;Phengaris alcon;189188.94925552842;229076.03715177812
Gentiaanblauwtje;Phengaris alcon;189129.37664426008;229246.93320383783
Gentiaanblauwtje;Phengaris alcon;188987.4575817979;229253.46354963444
Gentiaanblauwtje;Phengaris alcon;189141.41599801023;229154.34086786024
Gentiaanblauwtje;Phengaris alcon;189107.03958573757;229236.30511956848
Gentiaanblauwtje;Phengaris alcon;189170.97233014822;229081.79780579451
Gentiaanblauwtje;Phengaris alcon;189066.19219341408;229256.9137511719
Gentiaanblauwtje;Phengaris alcon;164318.20836476612;226868.33857156616
Gentiaanblauwtje;Phengaris alcon;189157.14839430217;229178.20402910747
Gentiaanblauwtje;Phengaris alcon;189207.72986001568;229014.87282599695
Gentiaanblauwtje;Phengaris alcon;189136.92637079133;229236.56044850778
Gentiaanblauwtje;Phengaris alcon;164058.96049971457;226668.78504498675
Gentiaanblauwtje;Phengaris alcon;189062.33997283666;229212.42021990474
Gentiaanblauwtje;Phengaris alcon;189063.0065560905;229217.72444769368
Gentiaanblauwtje;Phengaris alcon;189270.4152470085;228975.2516601337
Gentiaanblauwtje;Phengaris alcon;189171.20377238744;229248.69672732241
Gentiaanblauwtje;Phengaris alcon;189172.88657363353;229081.9235894801
Gentiaanblauwtje;Phengaris alcon;164501.42651205533;227060.95235292148
Gentiaanblauwtje;Phengaris alcon;189170.0064686293;229226.59045508038
Gentiaanblauwtje;Phengaris alcon;189059.95347852388;229176.34794812277
Gentiaanblauwtje;Phengaris alcon;163930.25102277668;226545.4823527243
Gentiaanblauwtje;Phengaris alcon;189043.18231300235;229249.55978512205
Gentiaanblauwtje;Phengaris alcon;189014.94761155153;229213.7758021364
Gentiaanblauwtje;Phengaris alcon;164058.8084347417;226668.33958651684
Gentiaanblauwtje;Phengaris alcon;189153.07613751807;229188.98809183668
Gentiaanblauwtje;Phengaris alcon;163558.6422816423;226303.8969162386
Gentiaanblauwtje;Phengaris alcon;164065.06174013094;226651.66749831848
Gentiaanblauwtje;Phengaris alcon;164055.16785382127;226687.57780714892
Gentiaanblauwtje;Phengaris alcon;189238.96591470504;229180.69817075878
Gentiaanblauwtje;Phengaris alcon;189172.53956841645;229269.62019459903
Gentiaanblauwtje;Phengaris alcon;163958.1423440263;226600.28591414634
Gentiaanblauwtje;Phengaris alcon;164042.35977237983;226670.51998072118
Gentiaanblauwtje;Phengaris alcon;189069.47712508822;229215.55538187642
Gentiaanblauwtje;Phengaris alcon;189242.01137904433;229177.69100053143
Gentiaanblauwtje;Phengaris alcon;164054.01801482655;226672.33192102052
Gentiaanblauwtje;Phengaris alcon;164060.419016217;226680.69394491892
Gentiaanblauwtje;Phengaris alcon;164404.3615325297;227559.27145679202
Gentiaanblauwtje;Phengaris alcon;189121.75776772902;229266.25447538402
Gentiaanblauwtje;Phengaris alcon;189042.80006338187;229208.79231543746
Gentiaanblauwtje;Phengaris alcon;189134.80798684643;229257.22407263704
Gentiaanblauwtje;Phengaris alcon;189087.85679972777;229253.70190428197
Gentiaanblauwtje;Phengaris alcon;164073.06941829217;226620.20250181388
Gentiaanblauwtje;Phengaris alcon;165188.5682559273;228046.58594969567
Gentiaanblauwtje;Phengaris alcon;189077.0868065405;229262.16665036138
Gentiaanblauwtje;Phengaris alcon;189165.81995766127;229170.45503632165
Gentiaanblauwtje;Phengaris alcon;164059.77810063795;226665.3381848028
Gentiaanblauwtje;Phengaris alcon;223837.37604007087;218300.4339556368
Gentiaanblauwtje;Phengaris alcon;165484.69124864202;228276.70211192686
Gentiaanblauwtje;Phengaris alcon;189126.5813863184;229221.54365121573
Gentiaanblauwtje;Phengaris alcon;189161.11925946941;229200.99891294446
Gentiaanblauwtje;Phengaris alcon;164060.15794851145;226669.12209315412
Gentiaanblauwtje;Phengaris alcon;189247.31012445738;229066.0214354992
Gentiaanblauwtje;Phengaris alcon;164072.50739614785;226634.66489003692
Gentiaanblauwtje;Phengaris alcon;163996.00563546474;226608.00770576857
Gentiaanblauwtje;Phengaris alcon;189227.830977967;229073.32818326913
Gentiaanblauwtje;Phengaris alcon;189054.89077303413;229216.21662554517
Gentiaanblauwtje;Phengaris alcon;189156.87995733827;229236.57150458265
Gentiaanblauwtje;Phengaris alcon;189167.50076585173;229281.31819108408
Gentiaanblauwtje;Phengaris alcon;189160.0332412121;229154.0595954163
Gentiaanblauwtje;Phengaris alcon;189057.149892058;229214.71882118098
Gentiaanblauwtje;Phengaris alcon;164074.1614035162;226628.55005287565
Gentiaanblauwtje;Phengaris alcon;189087.37554378717;229218.4651517952
Gentiaanblauwtje;Phengaris alcon;164060.18581732383;226669.12216915283
Gentiaanblauwtje;Phengaris alcon;189114.29680925648;229264.7326045083
Gentiaanblauwtje;Phengaris alcon;189011.62858466548;229208.46497436985
Gentiaanblauwtje;Phengaris alcon;189088.379733395;229250.39847755153
Gentiaanblauwtje;Phengaris alcon;189086.3351884934;229217.90095399506
Gentiaanblauwtje;Phengaris alcon;163969.27723640465;226607.34776130784
Gentiaanblauwtje;Phengaris alcon;189151.92346278872;229164.65687252115
Gentiaanblauwtje;Phengaris alcon;189175.64114617882;229254.73916173354
Gentiaanblauwtje;Phengaris alcon;163986.8212417562;226708.9598814277
Gentiaanblauwtje;Phengaris alcon;189079.43788205256;229247.20246635564
Gentiaanblauwtje;Phengaris alcon;189139.82415703984;229248.50554582383
Gentiaanblauwtje;Phengaris alcon;165212.91347690282;227993.28840264864
Gentiaanblauwtje;Phengaris alcon;189056.14285192633;229137.1407056395
Gentiaanblauwtje;Phengaris alcon;189115.96143132585;229242.36318365112
Gentiaanblauwtje;Phengaris alcon;189236.90686550655;229058.48765129223
Gentiaanblauwtje;Phengaris alcon;165484.70517871823;228276.70215376187
Gentiaanblauwtje;Phengaris alcon;189293.45708014953;228942.3121535536
Gentiaanblauwtje;Phengaris alcon;189117.22209464604;229174.5580580784
Gentiaanblauwtje;Phengaris alcon;164059.0438133435;226666.33753111959
Gentiaanblauwtje;Phengaris alcon;189149.95777516725;229180.5083283661
Gentiaanblauwtje;Phengaris alcon;189144.29069079;229225.29395540617
Gentiaanblauwtje;Phengaris alcon;189205.31037523792;229086.54366479255
Gentiaanblauwtje;Phengaris alcon;164075.50829038917;226658.3716634633
Gentiaanblauwtje;Phengaris alcon;189053.88307641988;229217.77111499943
Gentiaanblauwtje;Phengaris alcon;189152.51483008458;229252.00421847496
Gentiaanblauwtje;Phengaris alcon;163943.9201541039;226585.2494591605
Gentiaanblauwtje;Phengaris alcon;189152.00426695863;229218.78961753473
Gentiaanblauwtje;Phengaris alcon;164059.79203505436;226665.33822280075
Gentiaanblauwtje;Phengaris alcon;189053.45815252408;229150.9696673965
Gentiaanblauwtje;Phengaris alcon;164058.9326309003;226668.78496899456
Gentiaanblauwtje;Phengaris alcon;164910.64203739932;227401.4553163387
Gentiaanblauwtje;Phengaris alcon;189256.74801180462;229185.87040279992
Gentiaanblauwtje;Phengaris alcon;189186.73932174576;229233.76453794632
Gentiaanblauwtje;Phengaris alcon;189061.0226115541;229203.8013443891
Gentiaanblauwtje;Phengaris alcon;189062.6852965498;229214.16154471692
Gentiaanblauwtje;Phengaris alcon;223738.47993188084;218067.03474695142
Gentiaanblauwtje;Phengaris alcon;223726.32529954234;217905.87755285017
Gentiaanblauwtje;Phengaris alcon;189153.18760220133;229108.1439570114
Gentiaanblauwtje;Phengaris alcon;189040.56496208836;229228.62893587258
Gentiaanblauwtje;Phengaris alcon;189066.33800647198;229172.45598315727
Gentiaanblauwtje;Phengaris alcon;223570.08393561738;217637.8798030112
Gentiaanblauwtje;Phengaris alcon;189170.96737921357;229224.77300043963
Gentiaanblauwtje;Phengaris alcon;189100.67038378812;229222.47456798702
Gentiaanblauwtje;Phengaris alcon;189056.25859380356;229232.9689817531
Gentiaanblauwtje;Phengaris alcon;219763.30404801294;198500.37140412908
Gentiaanblauwtje;Phengaris alcon;223651.66412980412;218000.43298280425
Gentiaanblauwtje;Phengaris alcon;189061.93252213267;229213.12340890523
Gentiaanblauwtje;Phengaris alcon;223391.86002254343;217329.01918489486
Gentiaanblauwtje;Phengaris alcon;189196.2317720679;229101.3795556845
Gentiaanblauwtje;Phengaris alcon;189181.7563559104;229096.5003285464
Gentiaanblauwtje;Phengaris alcon;189184.32936660165;229094.39764294494
Gentiaanblauwtje;Phengaris alcon;189031.38140285097;229224.81629005168
Gentiaanblauwtje;Phengaris alcon;189188.90830144173;229090.6125225192
Gentiaanblauwtje;Phengaris alcon;189199.65819041457;229083.0540511459
Gentiaanblauwtje;Phengaris alcon;189206.99614646842;229065.7076580515
Gentiaanblauwtje;Phengaris alcon;189047.12952090864;229199.13442805782
Gentiaanblauwtje;Phengaris alcon;189045.9157795322;229217.8177338699
Gentiaanblauwtje;Phengaris alcon;189139.83676854937;229234.06866196636
Gentiaanblauwtje;Phengaris alcon;223511.96216975898;217802.34462275077
Gentiaanblauwtje;Phengaris alcon;189117.92233665258;229158.8337578997
Gentiaanblauwtje;Phengaris alcon;223472.23449755565;217559.7106436342
Gentiaanblauwtje;Phengaris alcon;189110.2067663768;229112.08677411266
Gentiaanblauwtje;Phengaris alcon;189049.6477187637;229244.64073662274
Gentiaanblauwtje;Phengaris alcon;189049.2415277225;229194.81596025545
Gentiaanblauwtje;Phengaris alcon;217354.16105202507;197132.954265235
Gentiaanblauwtje;Phengaris alcon;189211.08121760946;229052.25992139895
Gentiaanblauwtje;Phengaris alcon;165481.70671888383;228336.9704096103
Gentiaanblauwtje;Phengaris alcon;164117.63487425784;226606.96523810364
Gentiaanblauwtje;Phengaris alcon;189058.25986619832;229223.7903074855
Gentiaanblauwtje;Phengaris alcon;189122.03393621347;229175.5568452943
Gentiaanblauwtje;Phengaris alcon;189174.7050537845;229107.5282745557
Gentiaanblauwtje;Phengaris alcon;189174.71201770392;229107.5283273803
Gentiaanblauwtje;Phengaris alcon;220207.976465516;197800.54681955464
Gentiaanblauwtje;Phengaris alcon;223104.74629365723;217329.79098665342
Gentiaanblauwtje;Phengaris alcon;189035.47863645968;229220.29792411067
Gentiaanblauwtje;Phengaris alcon;164071.6742231189;226654.87502154522
Gentiaanblauwtje;Phengaris alcon;158343.15385700527;228242.3029760141
Gentiaanblauwtje;Phengaris alcon;189031.12444752792;229214.29295142554
Gentiaanblauwtje;Phengaris alcon;164673.5122497738;227430.03058164567
Gentiaanblauwtje;Phengaris alcon;189024.09323485536;229200.58093129843
Gentiaanblauwtje;Phengaris alcon;217353.11978604726;197133.36519227643
Gentiaanblauwtje;Phengaris alcon;189055.63329998555;229185.25502872
Gentiaanblauwtje;Phengaris alcon;217882.90588865773;198037.8983958112
Gentiaanblauwtje;Phengaris alcon;189144.62492074553;229162.8213114841
Gentiaanblauwtje;Phengaris alcon;218293.9545989869;198300.8655498186
Gentiaanblauwtje;Phengaris alcon;189266.6185556482;229216.63233736157
Gentiaanblauwtje;Phengaris alcon;218391.63566806377;198278.89673168585
Gentiaanblauwtje;Phengaris alcon;217880.03882460296;198042.52955576032
Gentiaanblauwtje;Phengaris alcon;189060.677444251;229219.52004515938
Gentiaanblauwtje;Phengaris alcon;163837.8902503042;226528.33199394867
Gentiaanblauwtje;Phengaris alcon;163962.37766881302;226536.01082916092
Gentiaanblauwtje;Phengaris alcon;217871.8981763839;198031.388389213
Gentiaanblauwtje;Phengaris alcon;217859.97522456938;198077.06988681667
Gentiaanblauwtje;Phengaris alcon;189085.02404384792;229271.520663891
Gentiaanblauwtje;Phengaris alcon;189042.031520359;229204.4132294776
Gentiaanblauwtje;Phengaris alcon;164352.06862490598;226873.84556233138
Gentiaanblauwtje;Phengaris alcon;218371.03967706824;198278.62578836363
Gentiaanblauwtje;Phengaris alcon;189146.03757244558;229169.39664056338
Gentiaanblauwtje;Phengaris alcon;189210.46038883703;229058.84312286228
Gentiaanblauwtje;Phengaris alcon;189158.1478116967;229152.01987865567
Gentiaanblauwtje;Phengaris alcon;164914.62980307665;227400.8705001343
Gentiaanblauwtje;Phengaris alcon;189067.38227400402;229132.13583293837
Gentiaanblauwtje;Phengaris alcon;164322.90311518434;226873.57072834205
Gentiaanblauwtje;Phengaris alcon;189029.21002169698;229252.88524266984
Gentiaanblauwtje;Phengaris alcon;189090.53087642335;229224.8311270047
Gentiaanblauwtje;Phengaris alcon;218370.7931118941;198276.06359092612
Gentiaanblauwtje;Phengaris alcon;223438.28553940775;217602.7070030803
Gentiaanblauwtje;Phengaris alcon;223730.5082756091;217909.9983175015
Gentiaanblauwtje;Phengaris alcon;189068.54394301627;229185.38828437496
Gentiaanblauwtje;Phengaris alcon;222778.08498900448;217014.5754035972
Gentiaanblauwtje;Phengaris alcon;223731.2487375832;217897.2130458504
Gentiaanblauwtje;Phengaris alcon;164063.38577722042;226646.68066138308
Gentiaanblauwtje;Phengaris alcon;222462.75238066114;217579.10855836887
Gentiaanblauwtje;Phengaris alcon;164078.75182684284;226614.46953315008
Gentiaanblauwtje;Phengaris alcon;217156.5300771184;199297.474040051
Gentiaanblauwtje;Phengaris alcon;164067.11291819898;226666.7300390331
Gentiaanblauwtje;Phengaris alcon;189326.32845027663;229286.37051322404
Gentiaanblauwtje;Phengaris alcon;223788.88608285962;217963.8634032244
Gentiaanblauwtje;Phengaris alcon;189184.80748324597;229300.64933629427
Gentiaanblauwtje;Phengaris alcon;165472.83329882077;228349.76548666414
Gentiaanblauwtje;Phengaris alcon;223878.26592665765;218099.1345266113
Gentiaanblauwtje;Phengaris alcon;165220.6260196448;227976.17687885463
Gentiaanblauwtje;Phengaris alcon;165472.84026376056;228349.7655075658
Gentiaanblauwtje;Phengaris alcon;189126.9500427348;229181.3975402955
Gentiaanblauwtje;Phengaris alcon;189112.26693806713;229187.56192098
Gentiaanblauwtje;Phengaris alcon;219359.87419857172;198411.3616695311
Gentiaanblauwtje;Phengaris alcon;165024.42778913907;228423.4296688633
Gentiaanblauwtje;Phengaris alcon;189326.35630499088;229286.37072533276
Gentiaanblauwtje;Phengaris alcon;189064.37161591003;229214.030768333
Gentiaanblauwtje;Phengaris alcon;219363.0819830532;198456.39301816933
Gentiaanblauwtje;Phengaris alcon;155119.64574310646;230738.7759849131
Gentiaanblauwtje;Phengaris alcon;189064.37182046325;229214.0302494159
Gentiaanblauwtje;Phengaris alcon;189098.56194423334;229221.8877722947
Gentiaanblauwtje;Phengaris alcon;189045.55916227942;229220.67904637847
Gentiaanblauwtje;Phengaris alcon;164438.8103832446;228252.52706477325
Gentiaanblauwtje;Phengaris alcon;219417.394380435;198487.25190904085
Gentiaanblauwtje;Phengaris alcon;164439.05205872768;228240.84526699223
Gentiaanblauwtje;Phengaris alcon;189062.25807620253;229186.85727537517
Gentiaanblauwtje;Phengaris alcon;189061.21091573194;229224.94307708926
Gentiaanblauwtje;Phengaris alcon;165469.87147484595;228589.4145691702
Gentiaanblauwtje;Phengaris alcon;165485.5604533408;228508.14371369034
Gentiaanblauwtje;Phengaris alcon;222740.57744471077;217251.8713231273
Gentiaanblauwtje;Phengaris alcon;189102.45266874938;229188.55885651242
Gentiaanblauwtje;Phengaris alcon;189268.46101601946;229197.32703740802
Gentiaanblauwtje;Phengaris alcon;219369.69355337808;198466.66733598802
Gentiaanblauwtje;Phengaris alcon;164409.06984243167;228252.33258399833
Gentiaanblauwtje;Phengaris alcon;219358.63028675946;198446.99636966642
Gentiaanblauwtje;Phengaris alcon;222462.7802984449;217579.10894898605
Gentiaanblauwtje;Phengaris alcon;189100.36310849446;229281.09428442921
Gentiaanblauwtje;Phengaris alcon;189156.22866750218;229221.4345533233
Gentiaanblauwtje;Phengaris alcon;222563.92760557283;216800.09626928158
Gentiaanblauwtje;Phengaris alcon;164378.42171142672;228202.95809230115
Gentiaanblauwtje;Phengaris alcon;189313.4162147153;229108.2653438598
Gentiaanblauwtje;Phengaris alcon;164374.9332476107;228205.0623341482
Gentiaanblauwtje;Phengaris alcon;217415.78680759424;197141.43756648805
Gentiaanblauwtje;Phengaris alcon;217000.5358444968;198960.5942457961
Gentiaanblauwtje;Phengaris alcon;189050.4865940379;229232.17622207385
Gentiaanblauwtje;Phengaris alcon;189082.76481083612;229254.0669095777
Gentiaanblauwtje;Phengaris alcon;223778.06167785212;217952.67366261408
Gentiaanblauwtje;Phengaris alcon;164416.41916078216;228289.29200827237
Gentiaanblauwtje;Phengaris alcon;219374.9994778944;198489.65684594214
Gentiaanblauwtje;Phengaris alcon;189129.5265129523;229227.04175635986
Gentiaanblauwtje;Phengaris alcon;165476.53177270843;228361.3478118889
Gentiaanblauwtje;Phengaris alcon;165476.79353767302;228656.9713127613
Gentiaanblauwtje;Phengaris alcon;218076.9607917352;197888.8094877284
Gentiaanblauwtje;Phengaris alcon;223054.2593905629;217053.72509623505
Gentiaanblauwtje;Phengaris alcon;189182.75499818436;229238.87534290738
Gentiaanblauwtje;Phengaris alcon;189048.0488757551;229229.61123895273
Gentiaanblauwtje;Phengaris alcon;189032.21591119526;229209.70310999546
Gentiaanblauwtje;Phengaris alcon;223389.14706051187;217255.12131323665
Gentiaanblauwtje;Phengaris alcon;189043.13422535372;229239.38207287807
Gentiaanblauwtje;Phengaris alcon;217882.68898564507;198041.71532646473
Gentiaanblauwtje;Phengaris alcon;189040.64812993558;229222.4176517427
Gentiaanblauwtje;Phengaris alcon;189180.25831462274;229303.61897212546
Gentiaanblauwtje;Phengaris alcon;189111.87409781246;229233.91393262148
Gentiaanblauwtje;Phengaris alcon;223252.82696241542;217448.91339801904
Gentiaanblauwtje;Phengaris alcon;189044.42598436907;229230.00819141138
Gentiaanblauwtje;Phengaris alcon;219365.09929821035;198422.89073945303
Gentiaanblauwtje;Phengaris alcon;189149.83962898242;229224.19645362347
Gentiaanblauwtje;Phengaris alcon;217899.19622824137;198086.75015401375
Gentiaanblauwtje;Phengaris alcon;163816.62052358376;226223.42031223327
Gentiaanblauwtje;Phengaris alcon;223785.38747877465;217958.06882795505
Gentiaanblauwtje;Phengaris alcon;189142.98107383028;229168.37209081277
Gentiaanblauwtje;Phengaris alcon;189103.3415733593;229277.56695558783
Gentiaanblauwtje;Phengaris alcon;189033.94644926515;229229.52132017724
Gentiaanblauwtje;Phengaris alcon;219384.93721622135;198488.51623065025
Gentiaanblauwtje;Phengaris alcon;165459.2756275722;228646.0150873568
Gentiaanblauwtje;Phengaris alcon;189162.75768619945;229298.39037759602
Gentiaanblauwtje;Phengaris alcon;189160.05821505532;229306.7625380978
Gentiaanblauwtje;Phengaris alcon;223906.97199791152;218047.0367339719
Gentiaanblauwtje;Phengaris alcon;189035.23540529067;229215.6229649419
Gentiaanblauwtje;Phengaris alcon;189043.61042007082;229236.27025884856
Gentiaanblauwtje;Phengaris alcon;189080.61813871245;229248.10836044513
Gentiaanblauwtje;Phengaris alcon;223783.3836973299;217959.8947448898
Gentiaanblauwtje;Phengaris alcon;189088.09718314128;229215.13266999647
Gentiaanblauwtje;Phengaris alcon;165489.49735511412;228522.3825922748
Gentiaanblauwtje;Phengaris alcon;189147.08701493862;229226.7867073929
Gentiaanblauwtje;Phengaris alcon;217124.23918318783;199294.0859371284
Gentiaanblauwtje;Phengaris alcon;164299.8901466352;228190.05581084266
Gentiaanblauwtje;Phengaris alcon;217125.24711686734;199296.2210509088
Gentiaanblauwtje;Phengaris alcon;223185.73182496015;217382.8043276975
Gentiaanblauwtje;Phengaris alcon;189047.2080489557;229216.38106211554
Gentiaanblauwtje;Phengaris alcon;189062.3267158644;229221.05724905897
Gentiaanblauwtje;Phengaris alcon;164069.53874063975;226634.8793102419
Gentiaanblauwtje;Phengaris alcon;189103.21996271348;229215.3984715948
Gentiaanblauwtje;Phengaris alcon;166124.6368845205;229014.21636456344
Gentiaanblauwtje;Phengaris alcon;189074.49271815247;229245.96133194957
Gentiaanblauwtje;Phengaris alcon;166125.83434383624;229009.8808876602
Gentiaanblauwtje;Phengaris alcon;165478.23063989915;228294.26206853334
Gentiaanblauwtje;Phengaris alcon;223186.8378890754;217384.5646327976
Gentiaanblauwtje;Phengaris alcon;165457.7077341433;228657.9154097978
Gentiaanblauwtje;Phengaris alcon;165485.10392802607;228494.10888669733
Gentiaanblauwtje;Phengaris alcon;189049.29073289418;229215.7759517487
Gentiaanblauwtje;Phengaris alcon;165174.89233979728;228013.42596971523
Gentiaanblauwtje;Phengaris alcon;189215.004026694;229315.54881092347
Gentiaanblauwtje;Phengaris alcon;155115.4133309664;230740.63123980723
Gentiaanblauwtje;Phengaris alcon;166128.126911886;229011.66825232096
Gentiaanblauwtje;Phengaris alcon;189194.35750413814;229079.1936050458
Gentiaanblauwtje;Phengaris alcon;223545.98023239145;217802.04073922988
Gentiaanblauwtje;Phengaris alcon;189141.01974232376;229160.6799565386
Gentiaanblauwtje;Phengaris alcon;219394.5409271815;198487.37117485702
Gentiaanblauwtje;Phengaris alcon;165473.57520822316;228350.88033094537
Gentiaanblauwtje;Phengaris alcon;165489.87563120574;228273.60235599708
Gentiaanblauwtje;Phengaris alcon;189080.48458474214;229191.16386776697
Gentiaanblauwtje;Phengaris alcon;164924.76188812908;227508.45878949668
Gentiaanblauwtje;Phengaris alcon;189039.13202480765;229233.56604878418
Gentiaanblauwtje;Phengaris alcon;223792.5745317191;217958.45496740472
Gentiaanblauwtje;Phengaris alcon;189008.3319814986;229207.66448325198
Gentiaanblauwtje;Phengaris alcon;164084.887686355;226669.57327195816
Gentiaanblauwtje;Phengaris alcon;219447.53281206812;198381.97383122426
Gentiaanblauwtje;Phengaris alcon;189135.95594961918;229167.38747742306
Gentiaanblauwtje;Phengaris alcon;219387.61513603403;198488.12755755708
Gentiaanblauwtje;Phengaris alcon;189155.82489389007;229231.70047803503
Gentiaanblauwtje;Phengaris alcon;189158.73091016212;229233.84471941087
Gentiaanblauwtje;Phengaris alcon;189156.01331117345;229241.8885038495
Gentiaanblauwtje;Phengaris alcon;223794.2326821845;217964.70292661805
Gentiaanblauwtje;Phengaris alcon;189030.4219377434;229215.37071470637
Gentiaanblauwtje;Phengaris alcon;189158.63439680333;229173.57184599247
Gentiaanblauwtje;Phengaris alcon;189044.03475357054;229207.0853951024
Gentiaanblauwtje;Phengaris alcon;189154.8060925675;229237.27823711466
Gentiaanblauwtje;Phengaris alcon;223487.51327198074;217578.24218130577
Gentiaanblauwtje;Phengaris alcon;189046.67085640243;229205.40755933896
Gentiaanblauwtje;Phengaris alcon;189050.24098932723;229185.8117020391
Gentiaanblauwtje;Phengaris alcon;189046.5867173276;229197.23882297426
Gentiaanblauwtje;Phengaris alcon;189248.86056771205;228979.85741984658
Gentiaanblauwtje;Phengaris alcon;189041.6405633216;229194.3340525627
Gentiaanblauwtje;Phengaris alcon;165481.32462110207;228377.27263587434
Gentiaanblauwtje;Phengaris alcon;217423.512316043;197009.9192979792
Gentiaanblauwtje;Phengaris alcon;189111.98904751556;229076.5663998332
Gentiaanblauwtje;Phengaris alcon;165486.83216712973;228305.97038186528
Gentiaanblauwtje;Phengaris alcon;165703.9417850351;228623.27826619986
Gentiaanblauwtje;Phengaris alcon;189141.24259075068;229057.76175355166
Gentiaanblauwtje;Phengaris alcon;189088.25809764344;229221.475980795
Gentiaanblauwtje;Phengaris alcon;189254.80957215454;229180.2455949802
Gentiaanblauwtje;Phengaris alcon;189062.49998594652;229247.47331860662
Gentiaanblauwtje;Phengaris alcon;189153.3405083549;229160.79991482385
Gentiaanblauwtje;Phengaris alcon;189161.3770741201;229134.39443448558
Gentiaanblauwtje;Phengaris alcon;189062.24024673153;229229.33471101243
Gentiaanblauwtje;Phengaris alcon;189063.7979235766;229165.397305266
Gentiaanblauwtje;Phengaris alcon;189072.95601011938;229203.05971023068
Gentiaanblauwtje;Phengaris alcon;219373.98259470286;198419.75118379202
Gentiaanblauwtje;Phengaris alcon;217297.21159641826;197092.50540637597
Gentiaanblauwtje;Phengaris alcon;165199.1363771092;227988.3522602236
Gentiaanblauwtje;Phengaris alcon;189135.80408219606;229162.86394409556
Gentiaanblauwtje;Phengaris alcon;189121.6209631429;229230.07346211
Gentiaanblauwtje;Phengaris alcon;189191.3568961742;229125.81095119286
Gentiaanblauwtje;Phengaris alcon;189069.50714560767;229185.4217872303
Gentiaanblauwtje;Phengaris alcon;189040.37119613963;229190.92892547045
Gentiaanblauwtje;Phengaris alcon;165482.03117050492;228281.1445933031
Gentiaanblauwtje;Phengaris alcon;223787.04978402192;217968.93068303168
Gentiaanblauwtje;Phengaris alcon;189055.60245879114;229199.3360802522
Gentiaanblauwtje;Phengaris alcon;164448.99502171692;227575.97429977544
Gentiaanblauwtje;Phengaris alcon;189054.3457458639;229209.2855651388
Gentiaanblauwtje;Phengaris alcon;189047.71849339394;229195.1777551379
Gentiaanblauwtje;Phengaris alcon;218250.3531231765;198295.4753701808
Gentiaanblauwtje;Phengaris alcon;189182.97553297493;229224.69089347962
Gentiaanblauwtje;Phengaris alcon;189094.6213412645;229208.2944743503
Gentiaanblauwtje;Phengaris alcon;189219.08705655677;229106.78738646768
Gentiaanblauwtje;Phengaris alcon;189204.83362932046;229219.33903759252
Gentiaanblauwtje;Phengaris alcon;189093.421610618;229219.3433638122
Gentiaanblauwtje;Phengaris alcon;189056.69491259198;229175.29232624732
Gentiaanblauwtje;Phengaris alcon;189076.65735690022;229175.46195762604
Gentiaanblauwtje;Phengaris alcon;189089.49399143204;229194.7019849196
Gentiaanblauwtje;Phengaris alcon;189162.70618564702;229156.9641561471
Gentiaanblauwtje;Phengaris alcon;189184.66866241122;229122.6372739114
Gentiaanblauwtje;Phengaris alcon;189053.0009441308;229194.44918913487
Gentiaanblauwtje;Phengaris alcon;189053.8882395852;229191.3585757874
Gentiaanblauwtje;Phengaris alcon;189241.39743729646;229223.4367063027
Gentiaanblauwtje;Phengaris alcon;189077.42846596864;229190.81470836326
Gentiaanblauwtje;Phengaris alcon;189151.61535342713;229221.90640860517
Gentiaanblauwtje;Phengaris alcon;164436.33497754612;227564.09986484423
Gentiaanblauwtje;Phengaris alcon;189088.77603179208;229187.75668121502
Gentiaanblauwtje;Phengaris alcon;189037.5841401419;229199.39668594766
Gentiaanblauwtje;Phengaris alcon;189136.15364432946;229177.8891194146
Gentiaanblauwtje;Phengaris alcon;189063.74512308824;229204.687797145
Gentiaanblauwtje;Phengaris alcon;189168.0767749967;229144.3584392229
Gentiaanblauwtje;Phengaris alcon;189054.61641574925;229206.2219008049
Gentiaanblauwtje;Phengaris alcon;189119.1903911112;229229.1649322845
Gentiaanblauwtje;Phengaris alcon;189069.88855204335;229164.14688611776
Gentiaanblauwtje;Phengaris alcon;189145.84823366025;229074.9314288916
Gentiaanblauwtje;Phengaris alcon;189063.16457113967;229206.805613135
Gentiaanblauwtje;Phengaris alcon;189049.3400304916;229190.57229091693
Gentiaanblauwtje;Phengaris alcon;223510.66613691376;217470.82933776733
Gentiaanblauwtje;Phengaris alcon;189041.33207847318;229192.1921826927
Gentiaanblauwtje;Phengaris alcon;165726.48982586092;228790.62821564078
Gentiaanblauwtje;Phengaris alcon;189063.34655119333;229191.52709800657
Gentiaanblauwtje;Phengaris alcon;165454.89018662355;228694.74689507205
Gentiaanblauwtje;Phengaris alcon;164603.26360105333;228167.54792051483
Gentiaanblauwtje;Phengaris alcon;223783.31680326987;217882.9334461838
Gentiaanblauwtje;Phengaris alcon;223737.90039778332;217933.0009688055
Gentiaanblauwtje;Phengaris alcon;223357.0084921086;217602.46062847786
Gentiaanblauwtje;Phengaris alcon;223890.9233979968;218186.45883174147
Gentiaanblauwtje;Phengaris alcon;189057.9389506864;229178.74344886374
Gentiaanblauwtje;Phengaris alcon;223764.25219764165;218036.5185012156
Gentiaanblauwtje;Phengaris alcon;163124.2015978614;225260.33932763245
Gentiaanblauwtje;Phengaris alcon;189045.63631820085;229223.6507199416
Gentiaanblauwtje;Phengaris alcon;165497.7905038523;228667.56969377026
Gentiaanblauwtje;Phengaris alcon;164198.74901508924;226683.10465234332
Gentiaanblauwtje;Phengaris alcon;223715.71920220807;217342.27092415653
Gentiaanblauwtje;Phengaris alcon;223765.2461403637;217936.36158585548
Gentiaanblauwtje;Phengaris alcon;189228.2184595339;229218.47371488623
Gentiaanblauwtje;Phengaris alcon;223747.61191782646;217958.90156108793
Gentiaanblauwtje;Phengaris alcon;165565.77560962824;228567.56767861266
Gentiaanblauwtje;Phengaris alcon;189164.75938513805;229189.3437135741
Gentiaanblauwtje;Phengaris alcon;189067.36649032094;229206.03887793142
Gentiaanblauwtje;Phengaris alcon;164229.44920690253;226607.70540165715
Gentiaanblauwtje;Phengaris alcon;223076.33457411802;217323.8721604813
Gentiaanblauwtje;Phengaris alcon;223817.6748157392;217978.11768964492
Gentiaanblauwtje;Phengaris alcon;164048.68911965546;226684.9866838362
Gentiaanblauwtje;Phengaris alcon;189177.8420174865;229113.44828726538
Gentiaanblauwtje;Phengaris alcon;189186.8950022243;229147.21964818612
Gentiaanblauwtje;Phengaris alcon;223624.55507357194;217982.60732119437
Gentiaanblauwtje;Phengaris alcon;223491.7117862805;217539.80755343102
Gentiaanblauwtje;Phengaris alcon;164241.20539556988;226644.21142276004
Gentiaanblauwtje;Phengaris alcon;165475.27971841875;228357.78367680777
Gentiaanblauwtje;Phengaris alcon;165480.02026588313;228288.59531751182
Gentiaanblauwtje;Phengaris alcon;223299.9820344154;217468.76421910338
Gentiaanblauwtje;Phengaris alcon;223742.40764205315;217931.57792599592
Gentiaanblauwtje;Phengaris alcon;223760.3342494337;217928.22591777425
Gentiaanblauwtje;Phengaris alcon;223831.093551237;217969.66457010526
Gentiaanblauwtje;Phengaris alcon;165472.62999887991;228416.8123420803
Gentiaanblauwtje;Phengaris alcon;189096.2091872644;229256.69584256317
Gentiaanblauwtje;Phengaris alcon;223738.01204893942;217918.14668349456
Gentiaanblauwtje;Phengaris alcon;164060.4002592031;226682.66366915498
Gentiaanblauwtje;Phengaris alcon;223750.1694880403;217937.87606915366
Gentiaanblauwtje;Phengaris alcon;164046.48797208705;226691.9631401403
Gentiaanblauwtje;Phengaris alcon;189109.46206548336;229293.74208286498
Gentiaanblauwtje;Phengaris alcon;189054.23550406843;229180.38441328797
Gentiaanblauwtje;Phengaris alcon;189271.67231394947;229198.62478027772
Gentiaanblauwtje;Phengaris alcon;189112.4750490053;229122.7449471671
Gentiaanblauwtje;Phengaris alcon;219383.3605408838;198530.57484381087
Gentiaanblauwtje;Phengaris alcon;223097.5060151876;217309.7395564746
Gentiaanblauwtje;Phengaris alcon;217329.72570276633;197111.18972422276
Gentiaanblauwtje;Phengaris alcon;165626.65985405815;228693.44220399857
Gentiaanblauwtje;Phengaris alcon;223813.0732689445;217973.9705310613
Gentiaanblauwtje;Phengaris alcon;222996.52126067664;217270.93841354456
Gentiaanblauwtje;Phengaris alcon;165484.59564937567;228512.96074571554
Gentiaanblauwtje;Phengaris alcon;189089.07082586002;229261.31492976658
Gentiaanblauwtje;Phengaris alcon;189048.09622300306;229191.01940884627
Gentiaanblauwtje;Phengaris alcon;189338.54288184788;229252.25182264205
Gentiaanblauwtje;Phengaris alcon;189048.30513721163;229191.0209884299
Gentiaanblauwtje;Phengaris alcon;189040.22039907568;229223.36949635204
Gentiaanblauwtje;Phengaris alcon;189099.07198785187;229266.92358984053
Gentiaanblauwtje;Phengaris alcon;189050.48089128995;229197.79642134067
Gentiaanblauwtje;Phengaris alcon;189095.8198487807;229142.53523039725
Gentiaanblauwtje;Phengaris alcon;189046.057372065;229193.56308339257
Gentiaanblauwtje;Phengaris alcon;223776.86032893648;217944.15011068434
Gentiaanblauwtje;Phengaris alcon;223755.2847256429;217913.36871282663
Gentiaanblauwtje;Phengaris alcon;223707.67241673492;217966.10248048045
Gentiaanblauwtje;Phengaris alcon;223010.31777181168;217243.09347683564
Gentiaanblauwtje;Phengaris alcon;223385.6015728096;217593.10329874046
Gentiaanblauwtje;Phengaris alcon;164233.16681505172;226604.48353210278
Gentiaanblauwtje;Phengaris alcon;164232.9911410615;226604.51865067706
Gentiaanblauwtje;Phengaris alcon;189056.3019329393;229183.4041888807
Gentiaanblauwtje;Phengaris alcon;164036.52337647448;226703.3955291938
Gentiaanblauwtje;Phengaris alcon;164259.52456912826;226854.67906234227
Gentiaanblauwtje;Phengaris alcon;164060.22836152426;226684.78533485252
Gentiaanblauwtje;Phengaris alcon;222792.31916497732;217499.51668029092
Gentiaanblauwtje;Phengaris alcon;223805.3135436032;217992.9603529079
Gentiaanblauwtje;Phengaris alcon;189046.03269659134;229228.32257290836
Gentiaanblauwtje;Phengaris alcon;188447.9572280205;229089.65948979836
Gentiaanblauwtje;Phengaris alcon;189060.51930672093;229237.65874945838
Gentiaanblauwtje;Phengaris alcon;165472.2335972027;228362.07146453112
Gentiaanblauwtje;Phengaris alcon;223453.75031072047;217611.17961022817
Gentiaanblauwtje;Phengaris alcon;222997.1112567982;217252.7204336431
Gentiaanblauwtje;Phengaris alcon;223760.5386167403;217925.6831935849
Gentiaanblauwtje;Phengaris alcon;223733.96165759314;217943.1317736525
Gentiaanblauwtje;Phengaris alcon;164111.750049509;226687.04822632112
Gentiaanblauwtje;Phengaris alcon;189068.84159474797;229228.89506485034
Gentiaanblauwtje;Phengaris alcon;158309.96025488427;228323.44333335198
Gentiaanblauwtje;Phengaris alcon;189056.57068204507;229249.16370718367
Gentiaanblauwtje;Phengaris alcon;158314.60054500125;228335.86108797602
Gentiaanblauwtje;Phengaris alcon;189063.37325866378;229215.27939615957
Gentiaanblauwtje;Phengaris alcon;158311.55469885017;228365.2303257836
Gentiaanblauwtje;Phengaris alcon;222938.08674993296;217180.32235547807
Gentiaanblauwtje;Phengaris alcon;189058.61958242473;229208.45629047882
Gentiaanblauwtje;Phengaris alcon;189096.88511348196;229182.22030956857
Gentiaanblauwtje;Phengaris alcon;189112.5171673951;229135.85114130843
Gentiaanblauwtje;Phengaris alcon;189225.09842039034;229038.99894687533
Gentiaanblauwtje;Phengaris alcon;158334.0293241389;228335.89249411877
Gentiaanblauwtje;Phengaris alcon;189048.81890924578;229241.92576649413
Gentiaanblauwtje;Phengaris alcon;189222.39313084274;229001.71584576275
Gentiaanblauwtje;Phengaris alcon;189119.85597915048;229082.26821733825
Gentiaanblauwtje;Phengaris alcon;189070.69121632137;229170.35596889257
Gentiaanblauwtje;Phengaris alcon;189075.87728504697;229249.26190797705
Gentiaanblauwtje;Phengaris alcon;189180.43858629052;229016.30241983198
Gentiaanblauwtje;Phengaris alcon;188989.96619234112;229271.24718376156
Gentiaanblauwtje;Phengaris alcon;188989.89403542728;229271.58043337893
Gentiaanblauwtje;Phengaris alcon;189140.89709933437;229242.50574501883
Gentiaanblauwtje;Phengaris alcon;188989.60540786144;229272.91343186237
Gentiaanblauwtje;Phengaris alcon;189338.56067552968;229336.22132345755
Gentiaanblauwtje;Phengaris alcon;189111.25347198918;229136.45241465047
Gentiaanblauwtje;Phengaris alcon;189222.34755666295;229204.41874898784
Gentiaanblauwtje;Phengaris alcon;222927.000200919;217225.45208231267
Gentiaanblauwtje;Phengaris alcon;189101.8689859671;229278.02698838525
Gentiaanblauwtje;Phengaris alcon;189061.6642924346;229211.0384083297
Gentiaanblauwtje;Phengaris alcon;189083.58309508968;229233.69990918785
Gentiaanblauwtje;Phengaris alcon;189077.11868191842;229162.23331402894
Gentiaanblauwtje;Phengaris alcon;189142.28615434558;229147.13399626687
Gentiaanblauwtje;Phengaris alcon;189078.54757705724;229227.7196227759
Gentiaanblauwtje;Phengaris alcon;223162.89765640278;217383.03774135374
Gentiaanblauwtje;Phengaris alcon;189041.89139783586;229223.16671640333
Gentiaanblauwtje;Phengaris alcon;165189.3255047982;227902.2765877461
Gentiaanblauwtje;Phengaris alcon;165192.97407458044;227903.98505428154
Gentiaanblauwtje;Phengaris alcon;162844.29825992187;225456.50624916796
Gentiaanblauwtje;Phengaris alcon;162920.86132865335;225309.6147296112
Gentiaanblauwtje;Phengaris alcon;163045.84972820012;225309.31086556707
Gentiaanblauwtje;Phengaris alcon;163045.58048925677;225088.49415324442
Gentiaanblauwtje;Phengaris alcon;165348.4533997573;227378.03918922786
Gentiaanblauwtje;Phengaris alcon;165338.01896594965;227494.3274418749
Gentiaanblauwtje;Phengaris alcon;165322.3911338802;227464.98586691823
Gentiaanblauwtje;Phengaris alcon;163109.6229626456;225510.80714898463
Gentiaanblauwtje;Phengaris alcon;163096.63033748147;225594.19830722176
Gentiaanblauwtje;Phengaris alcon;189156.94764238075;229181.71847411245
Gentiaanblauwtje;Phengaris alcon;164323.2615056676;226869.8490677541
Gentiaanblauwtje;Phengaris alcon;164408.64582205607;226626.11159456894
Gentiaanblauwtje;Phengaris alcon;164542.66073359537;226725.92287083715
Gentiaanblauwtje;Phengaris alcon;165487.9842714258;228280.48292302247
Gentiaanblauwtje;Phengaris alcon;165470.8262152827;228626.35637991596
Gentiaanblauwtje;Phengaris alcon;164795.4863598958;228335.3226567367
Gentiaanblauwtje;Phengaris alcon;164552.58807006833;227954.34246659465
Gentiaanblauwtje;Phengaris alcon;164467.76987000523;227784.756580987
Gentiaanblauwtje;Phengaris alcon;163930.83270258887;226289.2929791091
Gentiaanblauwtje;Phengaris alcon;165487.8622420479;228546.53799078986
Gentiaanblauwtje;Phengaris alcon;165486.5117002915;228296.48769276123
Gentiaanblauwtje;Phengaris alcon;164212.86643358064;227391.83908881247
Gentiaanblauwtje;Phengaris alcon;164348.6190133256;227424.40635636542
Gentiaanblauwtje;Phengaris alcon;189044.33508449703;229225.76599626243
Gentiaanblauwtje;Phengaris alcon;164333.4159618148;227279.550849217
Gentiaanblauwtje;Phengaris alcon;164334.22133770626;227232.17360737268
Gentiaanblauwtje;Phengaris alcon;164301.7442649778;227229.39423066378
Gentiaanblauwtje;Phengaris alcon;164295.09306631825;227209.64583435562
Gentiaanblauwtje;Phengaris alcon;164200.4070954821;226513.9024760276
Gentiaanblauwtje;Phengaris alcon;164201.0032068225;226514.2657156866
Gentiaanblauwtje;Phengaris alcon;163963.85534744724;226230.40803761687
Gentiaanblauwtje;Phengaris alcon;163925.66530626075;226246.13827365637
Gentiaanblauwtje;Phengaris alcon;163981.73718282813;226219.00776281208
Gentiaanblauwtje;Phengaris alcon;164087.80604550702;226309.83492947742
Gentiaanblauwtje;Phengaris alcon;163894.62389798113;226017.9800758548
Gentiaanblauwtje;Phengaris alcon;164081.47965229786;226314.31258521974
Gentiaanblauwtje;Phengaris alcon;164082.6368431113;226312.32640235312
Gentiaanblauwtje;Phengaris alcon;163931.2886413984;226167.88486373238
Gentiaanblauwtje;Phengaris alcon;163900.09883668958;226159.85778500233
Gentiaanblauwtje;Phengaris alcon;222922.50114592887;217254.4150785003
Gentiaanblauwtje;Phengaris alcon;218148.2689466647;198225.99252874218
Gentiaanblauwtje;Phengaris alcon;219387.53155168315;198536.93478336558
Gentiaanblauwtje;Phengaris alcon;189052.153033915;229202.51035512798
Gentiaanblauwtje;Phengaris alcon;189269.4837448357;229194.49128874205
Gentiaanblauwtje;Phengaris alcon;189018.51743485645;229206.92924248334
Gentiaanblauwtje;Phengaris alcon;158300.7361241652;228317.15845454112
Gentiaanblauwtje;Phengaris alcon;165491.127808516;228262.24188326485
Gentiaanblauwtje;Phengaris alcon;165483.39811543594;228289.8271142356
Gentiaanblauwtje;Phengaris alcon;164059.66971374545;226670.35329740122
Gentiaanblauwtje;Phengaris alcon;164070.1334897096;226634.30555985868
Gentiaanblauwtje;Phengaris alcon;223506.1274862466;217580.62537287548
Gentiaanblauwtje;Phengaris alcon;223386.2298284302;217497.31071548816
Gentiaanblauwtje;Phengaris alcon;189314.96624582974;228870.59885201138
Gentiaanblauwtje;Phengaris alcon;165309.92164885756;227344.85332726315
Gentiaanblauwtje;Phengaris alcon;189066.61645296888;229241.88842427544
Gentiaanblauwtje;Phengaris alcon;189227.658069109;229063.23254295439
Gentiaanblauwtje;Phengaris alcon;165476.43823959507;228313.15227140766
Gentiaanblauwtje;Phengaris alcon;224494.78351470796;218948.90119529702
Gentiaanblauwtje;Phengaris alcon;189045.16503546038;229197.73766702972
Gentiaanblauwtje;Phengaris alcon;219432.84977385978;198410.36143168248
Gentiaanblauwtje;Phengaris alcon;189135.79203092726;229083.84302181005
Gentiaanblauwtje;Phengaris alcon;189124.42436736485;229246.11683064047
Gentiaanblauwtje;Phengaris alcon;189193.64068408916;228996.4223673474
Gentiaanblauwtje;Phengaris alcon;223411.72902267275;217688.34619593434
Gentiaanblauwtje;Phengaris alcon;220055.38030794216;197240.3825791767
Gentiaanblauwtje;Phengaris alcon;164462.12232052442;227611.05844270624
Gentiaanblauwtje;Phengaris alcon;189086.09486796008;229158.00419478957
Gentiaanblauwtje;Phengaris alcon;189105.53316299053;229161.817518265
Gentiaanblauwtje;Phengaris alcon;220212.08878908883;197439.7149784332
Gentiaanblauwtje;Phengaris alcon;189014.22980902562;229209.40679997765
Gentiaanblauwtje;Phengaris alcon;164047.56955833922;226703.11583325267
Gentiaanblauwtje;Phengaris alcon;189133.34571120143;229110.33013132308
Gentiaanblauwtje;Phengaris alcon;223759.9822047386;217933.33923004195
Gentiaanblauwtje;Phengaris alcon;223597.73467148276;217987.03493582737
Gentiaanblauwtje;Phengaris alcon;189102.25863806432;229157.44181499537
Gentiaanblauwtje;Phengaris alcon;189045.33858399175;229227.89288360346
Gentiaanblauwtje;Phengaris alcon;189057.919029795;229197.85266922973
Gentiaanblauwtje;Phengaris alcon;164074.74344194564;226602.16277312115
Gentiaanblauwtje;Phengaris alcon;220226.2843556697;197807.24035917595
Gentiaanblauwtje;Phengaris alcon;223730.2546599753;217918.0059991572
Gentiaanblauwtje;Phengaris alcon;223578.2053897009;217640.7537380373
Gentiaanblauwtje;Phengaris alcon;165413.81439488498;228660.55008235108
Gentiaanblauwtje;Phengaris alcon;164192.72653262463;227735.53742248006
Gentiaanblauwtje;Phengaris alcon;189141.00333414171;229160.71015183255
Gentiaanblauwtje;Phengaris alcon;223765.11329733717;217930.85315158684
Gentiaanblauwtje;Phengaris alcon;189139.86966068053;229137.35353025515
Gentiaanblauwtje;Phengaris alcon;189094.54728743256;229153.98790454306
Gentiaanblauwtje;Phengaris alcon;165479.9910366055;228298.33063273318
Gentiaanblauwtje;Phengaris alcon;223739.2639202809;217886.33049330767
Gentiaanblauwtje;Phengaris alcon;189062.64206242823;229178.53646244574
Gentiaanblauwtje;Phengaris alcon;189106.84163705865;229137.18339441158
Gentiaanblauwtje;Phengaris alcon;223922.48628064443;217986.93636849523
Gentiaanblauwtje;Phengaris alcon;217874.40946938048;198065.51933418028
Gentiaanblauwtje;Phengaris alcon;223793.3543144426;217928.0287225321
Gentiaanblauwtje;Phengaris alcon;189064.26640505117;229175.92067497224
Gentiaanblauwtje;Phengaris alcon;189116.05428459417;229153.97069266625
Gentiaanblauwtje;Phengaris alcon;222906.93614876046;217262.89198612422
Gentiaanblauwtje;Phengaris alcon;223743.3663032736;217912.33782011457
Gentiaanblauwtje;Phengaris alcon;219367.166709142;198290.49924876075
Gentiaanblauwtje;Phengaris alcon;165457.75350974998;228736.48982992396
Gentiaanblauwtje;Phengaris alcon;189014.43660051454;229212.8038935503
Gentiaanblauwtje;Phengaris alcon;189049.17761837898;229229.6196756512
Gentiaanblauwtje;Phengaris alcon;165493.10171924127;228238.67048881855
Gentiaanblauwtje;Phengaris alcon;223802.22085192223;217985.96992095
Gentiaanblauwtje;Phengaris alcon;189101.87146514258;229250.84167614207
Gentiaanblauwtje;Phengaris alcon;223737.5516502285;217889.7017408684
Gentiaanblauwtje;Phengaris alcon;189041.3184415061;229219.3736619763
Gentiaanblauwtje;Phengaris alcon;189131.47804573682;229295.57185128238
Gentiaanblauwtje;Phengaris alcon;217358.06917839742;197125.36588827055
Gentiaanblauwtje;Phengaris alcon;189069.99721743993;229163.98871583492
Gentiaanblauwtje;Phengaris alcon;223369.70569443313;217599.62424347084
Gentiaanblauwtje;Phengaris alcon;189056.42332176914;229217.37996942643
Gentiaanblauwtje;Phengaris alcon;189133.34594333172;229110.3301330814
Gentiaanblauwtje;Phengaris alcon;189101.87123301846;229250.84167438466
Gentiaanblauwtje;Phengaris alcon;219425.31713067403;198270.81030575186
Gentiaanblauwtje;Phengaris alcon;189042.6508205643;229228.89282481
Gentiaanblauwtje;Phengaris alcon;189098.58244237688;229221.92908132635
Gentiaanblauwtje;Phengaris alcon;220261.3956197746;197537.85107536335
Gentiaanblauwtje;Phengaris alcon;165151.93761492762;228026.4873292111
Gentiaanblauwtje;Phengaris alcon;189056.82835102183;229205.88365389034
Gentiaanblauwtje;Phengaris alcon;189098.65789114794;229126.42332623992
Gentiaanblauwtje;Phengaris alcon;155112.73761166795;230710.72262040712
Gentiaanblauwtje;Phengaris alcon;189044.3224442859;229229.59975465667
Gentiaanblauwtje;Phengaris alcon;189070.18953115924;229251.5832524877
Gentiaanblauwtje;Phengaris alcon;165143.69699427244;228046.44832282793
Gentiaanblauwtje;Phengaris alcon;189129.27088036598;229139.56188687496
Gentiaanblauwtje;Phengaris alcon;189099.07200290085;229266.92383660655
Gentiaanblauwtje;Phengaris alcon;189034.6049494887;229231.12851020414
Gentiaanblauwtje;Phengaris alcon;189063.71298078288;229247.09133275505
Gentiaanblauwtje;Phengaris alcon;163937.59280284127;226583.293073114
Gentiaanblauwtje;Phengaris alcon;165153.3850051732;228027.37746557035
Gentiaanblauwtje;Phengaris alcon;189039.9334419835;229235.07535874564
Gentiaanblauwtje;Phengaris alcon;189097.01205294524;229157.40209404472
Gentiaanblauwtje;Phengaris alcon;189088.39204971128;229199.45324328355
Gentiaanblauwtje;Phengaris alcon;165155.91422099798;228025.68718231004
Gentiaanblauwtje;Phengaris alcon;163951.35138689217;226588.11518163327
Gentiaanblauwtje;Phengaris alcon;164071.5679642419;226619.5490067359
Gentiaanblauwtje;Phengaris alcon;164048.63104595942;226684.18036983255
Gentiaanblauwtje;Phengaris alcon;165476.08685079802;228220.72927276045
Gentiaanblauwtje;Phengaris alcon;165244.2474174732;227915.90071729105
Gentiaanblauwtje;Phengaris alcon;164057.75669337928;226644.71490613185
Gentiaanblauwtje;Phengaris alcon;189043.54756110525;229166.28424149659
Gentiaanblauwtje;Phengaris alcon;163980.1903207392;226570.549976727
Gentiaanblauwtje;Phengaris alcon;165481.57084008126;228295.2734528156
Gentiaanblauwtje;Phengaris alcon;163945.67304617554;226590.17972085252
Gentiaanblauwtje;Phengaris alcon;164300.84981536173;227229.62762331683
Gentiaanblauwtje;Phengaris alcon;189083.37506444467;229173.42764854245
Gentiaanblauwtje;Phengaris alcon;189057.20153915038;229230.94856180996
Gentiaanblauwtje;Phengaris alcon;189105.56590852546;229115.46041858755
Gentiaanblauwtje;Phengaris alcon;189092.50234339148;229117.04602810927
Gentiaanblauwtje;Phengaris alcon;189077.62942783663;229173.513105792
Gentiaanblauwtje;Phengaris alcon;189045.92074323818;229230.05689755082
Gentiaanblauwtje;Phengaris alcon;164478.20310701386;227568.7129916018
Gentiaanblauwtje;Phengaris alcon;164347.83688492968;227421.0874802731
Gentiaanblauwtje;Phengaris alcon;189067.69042092277;229160.12472621258
Gentiaanblauwtje;Phengaris alcon;165175.74371405406;228002.82632574532
Gentiaanblauwtje;Phengaris alcon;189133.94036042658;229180.29873165116
Gentiaanblauwtje;Phengaris alcon;189114.6383703414;229112.97003321163
Gentiaanblauwtje;Phengaris alcon;189107.23698535393;229177.58773644175
Gentiaanblauwtje;Phengaris alcon;158316.44938953678;228330.5701037543
Gentiaanblauwtje;Phengaris alcon;158311.81267323066;228326.48302196804
Gentiaanblauwtje;Phengaris alcon;158329.06426595495;228354.1408544043
Gentiaanblauwtje;Phengaris alcon;189161.9510825269;229192.32656693552
Gentiaanblauwtje;Phengaris alcon;189139.64021463483;229154.32740968838
Gentiaanblauwtje;Phengaris alcon;165142.80397301077;228045.1724117156
Gentiaanblauwtje;Phengaris alcon;189117.94443086052;229154.60809163935
Gentiaanblauwtje;Phengaris alcon;189103.93974158994;229168.99204446003
Gentiaanblauwtje;Phengaris alcon;165154.9854905075;228025.26002296433
Gentiaanblauwtje;Phengaris alcon;189093.9412752071;229265.57985885814
Gentiaanblauwtje;Phengaris alcon;189094.02408542586;229122.16018730588
Gentiaanblauwtje;Phengaris alcon;165155.1515580294;228025.26051110495
Gentiaanblauwtje;Phengaris alcon;189119.66502812228;229111.3391346438
Gentiaanblauwtje;Phengaris alcon;189095.8327312737;229181.58632633276
Gentiaanblauwtje;Phengaris alcon;158325.11436773915;228346.21788863651
Gentiaanblauwtje;Phengaris alcon;189090.00219612164;229138.26313305553
Gentiaanblauwtje;Phengaris alcon;164491.29066051485;227869.15564290434
Gentiaanblauwtje;Phengaris alcon;165142.0602329216;228045.5953086773
Gentiaanblauwtje;Phengaris alcon;164644.91282491587;227736.07597427163
Gentiaanblauwtje;Phengaris alcon;189064.46978956403;229217.62425075844
Gentiaanblauwtje;Phengaris alcon;189141.94369074804;229104.68726489227
Gentiaanblauwtje;Phengaris alcon;165155.08388345735;228025.68474153802
Gentiaanblauwtje;Phengaris alcon;158329.27591295124;228342.5230011018
Gentiaanblauwtje;Phengaris alcon;189046.48325188557;229210.9236079855
Gentiaanblauwtje;Phengaris alcon;158324.25234662034;228321.26677150652
Gentiaanblauwtje;Phengaris alcon;223367.88318989557;217603.84885141999
Gentiaanblauwtje;Phengaris alcon;165142.86541349874;228046.87030974124
Gentiaanblauwtje;Phengaris alcon;164055.645912173;226684.72749185842
Gentiaanblauwtje;Phengaris alcon;189048.57993107254;229233.98602260742
Gentiaanblauwtje;Phengaris alcon;189066.71105885605;229169.90861671325
Gentiaanblauwtje;Phengaris alcon;189072.23394344343;229246.278036749
Gentiaanblauwtje;Phengaris alcon;189050.95393290304;229230.61418929696
Gentiaanblauwtje;Phengaris alcon;164074.48832501427;226661.9292296432
Gentiaanblauwtje;Phengaris alcon;158308.81230139948;228319.85590150114
Gentiaanblauwtje;Phengaris alcon;189094.7477396504;229136.9638768779
Gentiaanblauwtje;Phengaris alcon;189097.27508724562;229144.5979689462
Gentiaanblauwtje;Phengaris alcon;189185.34618533612;229149.9184818091
Gentiaanblauwtje;Phengaris alcon;189046.33991462342;229209.6494715847
Gentiaanblauwtje;Phengaris alcon;189210.21875327494;229080.51309556048
Gentiaanblauwtje;Phengaris alcon;189076.92450176092;229265.11727755982
Gentiaanblauwtje;Phengaris alcon;189108.47673926022;229191.44421156216
Gentiaanblauwtje;Phengaris alcon;189163.35534322046;229118.85615100525
Gentiaanblauwtje;Phengaris alcon;223238.18110575146;217461.79125206918
Gentiaanblauwtje;Phengaris alcon;189007.62356581393;229220.0874564778
Gentiaanblauwtje;Phengaris alcon;189090.85191593663;229265.2226792872
Gentiaanblauwtje;Phengaris alcon;189134.48259501933;229160.23254198022
Gentiaanblauwtje;Phengaris alcon;189139.83844537404;229158.99980480876
Gentiaanblauwtje;Phengaris alcon;189131.31015811733;229173.73562147003
Gentiaanblauwtje;Phengaris alcon;189093.1217430789;229135.143744112
Gentiaanblauwtje;Phengaris alcon;189063.16539664488;229242.7602266008
Gentiaanblauwtje;Phengaris alcon;189067.4984934568;229208.96060329303
Gentiaanblauwtje;Phengaris alcon;189058.8917445304;229209.74438604806
Gentiaanblauwtje;Phengaris alcon;189056.33168064454;229210.1494663246
Gentiaanblauwtje;Phengaris alcon;189267.24852963726;229195.19561061077
Gentiaanblauwtje;Phengaris alcon;223010.4046036835;217024.40440206788
Gentiaanblauwtje;Phengaris alcon;189099.12039222577;229148.12345461827
Gentiaanblauwtje;Phengaris alcon;189097.81562291802;229265.27539421618
Gentiaanblauwtje;Phengaris alcon;223776.34169044188;217946.25681359228
Gentiaanblauwtje;Phengaris alcon;189114.3150558715;229237.76319878455
Gentiaanblauwtje;Phengaris alcon;189137.70238945415;229157.31687287614
Gentiaanblauwtje;Phengaris alcon;189192.86042358147;229102.10278199613
Gentiaanblauwtje;Phengaris alcon;189084.47760618082;229187.28908102773
Gentiaanblauwtje;Phengaris alcon;189117.35622346704;229223.98832189944
Gentiaanblauwtje;Phengaris alcon;164585.99046977996;227698.601860011
Gentiaanblauwtje;Phengaris alcon;189064.75319251313;229152.53650451358
Gentiaanblauwtje;Phengaris alcon;189042.2605758793;229178.20996653195
Gentiaanblauwtje;Phengaris alcon;164161.56804559488;226595.9330447074
Gentiaanblauwtje;Phengaris alcon;189147.6951374715;229224.11049813405
